Date,Close,Volume
2011-05-02,16.45,143468804.0
2011-05-03,16.3,17392996.0
2011-05-04,16.48,20178219.0
2011-05-05,16.38,18256498.0
2011-05-06,16.26,19709202.0
2011-05-09,16.0,7204611.0
2011-05-10,16.59,11213712.0
2011-05-11,16.4,3262158.0
2011-05-12,16.42,3756330.0
2011-05-13,16.35,3632560.0
2011-05-16,16.15,8661870.0
2011-05-17,16.1,2797873.0
2011-05-18,15.8,11101790.0
2011-05-19,15.83,7041398.0
2011-05-20,15.94,5181244.0
2011-05-23,15.88,4307930.0
2011-05-24,15.67,16529874.0
2011-05-25,15.2,8984273.0
2011-05-26,15.73,5717187.0
2011-05-27,15.8,8209735.0
2011-05-30,15.95,2307194.0
2011-05-31,16.0,17872224.0
2011-06-01,16.2,7025191.0
2011-06-02,16.4,7119376.0
2011-06-03,16.7,6745764.0
2011-06-06,16.7,5478121.0
2011-06-07,16.69,9870980.0
2011-06-08,16.58,5444261.0
2011-06-09,17.1,19291294.0
2011-06-10,17.15,7933846.0
2011-06-13,17.3,14533587.0
2011-06-14,17.12,10647691.0
2011-06-15,16.89,8150375.0
2011-06-16,16.8,9898971.0
2011-06-17,16.5,3884843.0
2011-06-20,16.2,3881131.0
2011-06-21,16.6,3108678.0
2011-06-22,16.25,5364415.0
2011-06-24,16.2,3055234.0
2011-06-27,16.0,4706572.0
2011-06-28,16.24,5100589.0
2011-06-29,16.42,4792823.0
2011-06-30,16.25,8690295.0
2011-07-01,16.2,9837708.0
2011-07-04,16.4,4093556.0
2011-07-05,16.77,21433306.0
2011-07-06,16.7,8087568.0
2011-07-07,16.4,5732672.0
2011-07-08,16.3,8637325.0
2011-07-11,15.55,8885507.0
2011-07-12,15.95,6689960.0
2011-07-13,15.75,7540645.0
2011-07-14,15.0,6096001.0
2011-07-15,14.5,5738108.0
2011-07-18,13.87,5896278.0
2011-07-19,14.8,9023941.0
2011-07-20,14.31,4334747.0
2011-07-21,14.34,3986893.0
2011-07-22,14.9,5948145.0
2011-07-25,14.9,4650267.0
2011-07-26,15.44,5768530.0
2011-07-27,14.94,5168313.0
2011-07-28,14.15,10050551.0
2011-07-29,13.8,7319319.0
2011-08-01,13.99,3659926.0
2011-08-02,13.98,4125052.0
2011-08-03,13.45,6930019.0
2011-08-04,12.3,5697826.0
2011-08-05,11.84,8001880.0
2011-08-08,11.0,4451782.0
2011-08-09,11.2,9965678.0
2011-08-10,11.25,9440284.0
2011-08-11,12.49,6027189.0
2011-08-12,13.19,6205083.0
2011-08-15,13.38,3297960.0
2011-08-16,13.14,3449070.0
2011-08-17,13.22,3906414.0
2011-08-18,13.27,3673668.0
2011-08-19,12.84,6774649.0
2011-08-22,12.78,3040888.0
2011-08-23,12.72,3607215.0
2011-08-24,12.5,3692585.0
2011-08-25,12.3,2699853.0
2011-08-26,11.9,4814592.0
2011-08-29,12.15,8563337.0
2011-08-30,12.35,6325041.0
2011-08-31,12.85,12477524.0
2011-09-01,13.97,20524541.0
2011-09-02,14.2,15113567.0
2011-09-05,14.14,7622788.0
2011-09-06,14.69,8701633.0
2011-09-08,14.59,9872146.0
2011-09-09,14.4,5939726.0
2011-09-12,14.55,6560098.0
2011-09-13,14.25,5794421.0
2011-09-14,14.0,11763589.0
2011-09-15,13.99,5285092.0
2011-09-16,13.8,13121998.0
2011-09-19,13.83,4436163.0
2011-09-20,13.5,6501805.0
2011-09-21,13.1,7567421.0
2011-09-22,12.19,8265928.0
2011-09-23,12.1,9351313.0
2011-09-26,12.18,6066440.0
2011-09-27,12.49,5042058.0
2011-09-28,12.3,4584876.0
2011-09-29,12.15,6027536.0
2011-09-30,11.74,11342755.0
2011-10-03,11.22,6374605.0
2011-10-04,11.19,5278703.0
2011-10-05,11.45,3338919.0
2011-10-06,11.6,3992117.0
2011-10-07,11.2,4582569.0
2011-10-10,11.6,5151300.0
2011-10-11,11.65,6546561.0
2011-10-13,11.98,8632840.0
2011-10-14,12.24,8446550.0
2011-10-17,11.95,6289236.0
2011-10-18,12.0,7531133.0
2011-10-19,12.45,11430229.0
2011-10-20,12.47,7070329.0
2011-10-21,12.47,6859228.0
2011-10-24,12.54,6179573.0
2011-10-25,12.42,5388950.0
2011-10-26,12.6,7869121.0
2011-10-27,12.95,13915013.0
2011-10-28,13.4,7418136.0
2011-10-31,13.2,7465595.0
2011-11-01,12.8,4210114.0
2011-11-03,13.15,6684236.0
2011-11-04,12.99,5115672.0
2011-11-07,13.25,10504529.0
2011-11-08,13.05,17318178.0
2011-11-09,12.6,9514276.0
2011-11-10,12.7,4795309.0
2011-11-11,11.85,21959033.0
2011-11-14,11.39,11858841.0
2011-11-16,11.05,13491546.0
2011-11-17,11.1,10734108.0
2011-11-18,11.16,5233713.0
2011-11-21,10.5,7038283.0
2011-11-22,9.99,9113955.0
2011-11-23,9.84,6547723.0
2011-11-24,10.0,5221725.0
2011-11-25,9.97,3695896.0
2011-11-28,10.3,4705370.0
2011-11-29,10.3,2443103.0
2011-11-30,10.9,23092303.0
2011-12-01,11.79,30851873.0
2011-12-02,11.49,13818213.0
2011-12-05,11.2,9034662.0
2011-12-06,10.9,6387318.0
2011-12-07,10.75,4229573.0
2011-12-08,10.4,3251109.0
2011-12-09,10.55,2791678.0
2011-12-12,10.48,2330470.0
2011-12-13,10.4,3169664.0
2011-12-14,9.95,7482186.0
2011-12-15,10.1,6610087.0
2011-12-16,10.5,3552499.0
2011-12-19,10.15,8062881.0
2011-12-20,10.39,6159063.0
2011-12-21,9.8,6055755.0
2011-12-22,9.05,15865840.0
2011-12-23,9.3,9602227.0
2011-12-26,9.41,2689146.0
2011-12-27,9.26,2513856.0
2011-12-28,9.26,5128647.0
2011-12-29,9.54,4508462.0
2012-01-02,9.3,2545493.0
2012-01-03,9.24,6818562.0
2012-01-04,9.15,5425060.0
2012-01-05,9.07,1997981.0
2012-01-06,9.32,5479473.0
2012-01-09,9.23,3913097.0
2012-01-10,9.1,4753026.0
2012-01-11,9.25,5107847.0
2012-01-12,9.35,9209773.0
2012-01-13,9.46,5525428.0
2012-01-16,9.53,3913815.0
2012-01-17,9.63,5514949.0
2012-01-18,9.6,11267133.0
2012-01-19,9.67,4347299.0
2012-01-20,9.73,7096352.0
2012-01-23,9.75,3735649.0
2012-01-24,9.6,2991568.0
2012-01-26,10.1,16826604.0
2012-01-27,10.34,10090493.0
2012-01-30,10.0,8992956.0
2012-01-31,10.02,6964406.0
2012-02-01,10.3,8902524.0
2012-02-02,10.5,6936190.0
2012-02-03,10.18,50151759.0
2012-02-06,9.75,22092755.0
2012-02-07,9.93,11088381.0
2012-02-08,9.87,6604669.0
2012-02-09,9.9,15154497.0
2012-02-10,9.99,10914749.0
2012-02-13,9.94,6688483.0
2012-02-14,9.89,8421425.0
2012-02-15,10.2,10583531.0
2012-02-16,10.06,7526911.0
2012-02-17,10.2,9245972.0
2012-02-22,10.47,6145549.0
2012-02-23,11.15,22222009.0
2012-02-24,11.7,37945918.0
2012-02-27,11.75,10659768.0
2012-02-28,11.73,6331795.0
2012-02-29,11.85,5954802.0
2012-03-01,11.77,4427931.0
2012-03-02,11.97,7432921.0
2012-03-05,11.8,4759896.0
2012-03-06,11.65,5162696.0
2012-03-07,11.98,11533548.0
2012-03-08,12.6,25899910.0
2012-03-09,12.32,15516344.0
2012-03-12,12.05,8877313.0
2012-03-13,12.05,10634055.0
2012-03-14,11.9,9947648.0
2012-03-15,11.65,3241448.0
2012-03-16,11.5,4870343.0
2012-03-19,11.51,2488089.0
2012-03-20,11.6,3415338.0
2012-03-21,11.58,5427537.0
2012-03-22,11.49,6503799.0
2012-03-23,11.94,30012957.0
2012-03-26,12.21,8644619.0
2012-03-27,11.9,10099385.0
2012-03-28,11.68,8147201.0
2012-03-29,11.62,9381412.0
2012-03-30,11.96,6506643.0
2012-04-02,12.34,9751144.0
2012-04-03,12.4,6337072.0
2012-04-04,12.35,3202640.0
2012-04-05,12.02,3962539.0
2012-04-09,11.66,5951660.0
2012-04-10,11.79,3926747.0
2012-04-11,11.59,4040129.0
2012-04-12,12.15,3524235.0
2012-04-13,12.27,2625770.0
2012-04-16,12.5,7079551.0
2012-04-17,12.6,5581185.0
2012-04-18,12.52,6346341.0
2012-04-19,12.32,7145506.0
2012-04-20,11.93,4898964.0
2012-04-23,11.5,6767997.0
2012-04-24,11.38,4035757.0
2012-04-25,11.4,5541175.0
2012-04-26,11.0,5879895.0
2012-04-27,11.35,4608474.0
2012-04-30,11.38,3396574.0
2012-05-02,11.61,6907721.0
2012-05-03,12.07,6430387.0
2012-05-04,12.19,8459810.0
2012-05-07,12.5,5595875.0
2012-05-08,12.3,1997319.0
2012-05-09,12.45,4510095.0
2012-05-10,12.35,1809456.0
2012-05-11,12.03,4047730.0
2012-05-14,11.4,6273427.0
2012-05-15,10.25,15118303.0
2012-05-16,9.92,6603357.0
2012-05-17,9.66,2722896.0
2012-05-18,8.99,12156001.0
2012-05-21,9.14,12847029.0
2012-05-22,9.05,8693361.0
2012-05-23,9.15,5182570.0
2012-05-24,8.7,4265033.0
2012-05-25,9.18,6154891.0
2012-05-28,9.68,6335499.0
2012-05-29,9.65,3055456.0
2012-05-30,9.44,2872166.0
2012-05-31,9.33,5310771.0
2012-06-01,9.0,2535728.0
2012-06-04,8.96,3276921.0
2012-06-05,8.9,4916546.0
2012-06-06,9.1,2595952.0
2012-06-08,9.14,1979980.0
2012-06-11,9.43,6083756.0
2012-06-12,9.83,2385315.0
2012-06-13,9.82,2675299.0
2012-06-14,9.9,1654244.0
2012-06-15,10.05,2405523.0
2012-06-18,10.07,3248475.0
2012-06-19,10.22,2333784.0
2012-06-20,9.99,2837527.0
2012-06-21,9.62,990512.0
2012-06-22,9.62,3442020.0
2012-06-25,9.55,3290301.0
2012-06-26,9.2,4341585.0
2012-06-27,8.9,2643259.0
2012-06-28,8.9,3762340.0
2012-06-29,9.4,3292765.0
2012-07-02,9.37,1702896.0
2012-07-03,9.65,3228536.0
2012-07-04,9.7,1040409.0
2012-07-05,9.55,1899788.0
2012-07-06,9.6,2046715.0
2012-07-10,9.4,1160756.0
2012-07-11,9.08,1720697.0
2012-07-12,9.22,1257377.0
2012-07-13,9.41,1341781.0
2012-07-16,9.28,3758278.0
2012-07-17,9.16,2719942.0
2012-07-18,9.35,1151772.0
2012-07-19,9.73,11926462.0
2012-07-20,9.74,1657238.0
2012-07-23,9.65,1996135.0
2012-07-24,9.24,1841798.0
2012-07-25,9.2,2006965.0
2012-07-26,9.64,2449866.0
2012-07-27,9.95,3606940.0
2012-07-30,10.09,1838769.0
2012-07-31,10.25,2283768.0
2012-08-01,10.52,4190915.0
2012-08-02,10.46,3176972.0
2012-08-03,10.64,2562018.0
2012-08-06,11.15,7880280.0
2012-08-07,10.83,6048101.0
2012-08-08,10.6,3468163.0
2012-08-09,10.78,4160211.0
2012-08-10,10.74,5873526.0
2012-08-13,10.5,1475041.0
2012-08-14,11.16,10683382.0
2012-08-15,10.99,2100380.0
2012-08-16,10.95,8728303.0
2012-08-17,11.09,3875047.0
2012-08-20,11.0,2114388.0
2012-08-21,10.82,2623725.0
2012-08-22,10.77,3185368.0
2012-08-23,10.78,2176469.0
2012-08-24,11.1,6237893.0
2012-08-27,11.55,7897316.0
2012-08-28,11.7,2309889.0
2012-08-29,11.15,5420881.0
2012-08-30,10.95,2409064.0
2012-08-31,11.3,5931286.0
2012-09-03,11.3,5791848.0
2012-09-04,11.52,3485069.0
2012-09-05,11.61,3769736.0
2012-09-06,12.26,10146981.0
2012-09-10,12.5,10113561.0
2012-09-11,12.65,4006118.0
2012-09-12,12.84,11733619.0
2012-09-13,13.18,11190854.0
2012-09-14,12.86,5645112.0
2012-09-17,13.11,2970312.0
2012-09-18,12.9,8344127.0
2012-09-19,12.93,2951916.0
2012-09-20,13.05,9566575.0
2012-09-21,13.05,3909879.0
2012-09-24,13.0,3329123.0
2012-09-25,13.1,3230797.0
2012-09-26,12.75,9520438.0
2012-09-27,12.58,3520742.0
2012-09-28,12.24,6286205.0
2012-10-01,12.2,3420062.0
2012-10-02,12.01,7347095.0
2012-10-03,11.81,4191594.0
2012-10-04,12.5,7415965.0
2012-10-05,12.85,5646200.0
2012-10-08,12.45,4398586.0
2012-10-09,12.24,4442589.0
2012-10-10,13.0,6429828.0
2012-10-11,12.88,3614597.0
2012-10-15,13.0,3320306.0
2012-10-16,12.87,2941737.0
2012-10-17,12.64,5031039.0
2012-10-18,12.5,1714416.0
2012-10-19,12.2,3752338.0
2012-10-22,12.47,3773953.0
2012-10-23,12.16,3521337.0
2012-10-24,12.12,3638052.0
2012-10-25,11.87,3908025.0
2012-10-26,11.5,2892458.0
2012-10-29,11.41,2102183.0
2012-10-30,11.3,3522939.0
2012-10-31,11.31,4051545.0
2012-11-01,11.5,5644138.0
2012-11-05,11.7,4113664.0
2012-11-06,11.77,6269530.0
2012-11-07,11.41,5920772.0
2012-11-08,11.4,4631220.0
2012-11-09,11.19,2824976.0
2012-11-12,10.85,4755285.0
2012-11-13,10.7,8014542.0
2012-11-14,10.68,4374197.0
2012-11-16,10.58,2643024.0
2012-11-19,10.5,2112322.0
2012-11-21,10.51,4371345.0
2012-11-22,10.45,1991424.0
2012-11-23,10.7,3063557.0
2012-11-26,10.82,2526731.0
2012-11-27,10.67,3562357.0
2012-11-28,10.5,2566374.0
2012-11-29,11.05,4786720.0
2012-11-30,11.25,4460033.0
2012-12-03,11.47,6771739.0
2012-12-04,11.38,4282713.0
2012-12-05,11.0,3969395.0
2012-12-06,11.13,4928034.0
2012-12-07,11.4,3398776.0
2012-12-10,11.46,2868734.0
2012-12-11,11.35,4777266.0
2012-12-12,11.31,3874171.0
2012-12-13,11.3,5013675.0
2012-12-14,11.95,9835846.0
2012-12-17,12.12,6813443.0
2012-12-18,12.13,5117086.0
2012-12-19,12.02,2437984.0
2012-12-20,12.33,10199341.0
2012-12-21,12.01,4292859.0
2012-12-26,12.42,2916788.0
2012-12-27,12.2,4293760.0
2012-12-28,12.15,7893342.0
2013-01-02,12.85,9309995.0
2013-01-03,13.38,12643505.0
2013-01-04,13.2,7404709.0
2013-01-07,12.99,9313353.0
2013-01-08,12.9,11254994.0
2013-01-09,12.7,8236239.0
2013-01-10,12.85,13540975.0
2013-01-11,12.61,11464970.0
2013-01-14,12.96,7684416.0
2013-01-15,12.95,2874467.0
2013-01-16,12.7,4268798.0
2013-01-17,12.4,10651669.0
2013-01-18,12.22,15805524.0
2013-01-21,12.15,5030361.0
2013-01-22,11.87,5702952.0
2013-01-23,11.76,15555218.0
2013-01-24,11.5,19887978.0
2013-01-28,11.75,4558566.0
2013-01-29,12.02,10312467.0
2013-01-30,11.8,8706322.0
2013-01-31,12.0,9213983.0
2013-02-01,12.56,11686706.0
2013-02-04,12.59,8475467.0
2013-02-05,11.84,18999625.0
2013-02-06,11.48,8163600.0
2013-02-07,11.42,11679912.0
2013-02-08,11.3,4187716.0
2013-02-13,11.13,3798880.0
2013-02-14,11.26,2767948.0
2013-02-15,10.91,4759832.0
2013-02-18,10.65,4391634.0
2013-02-19,11.0,3469501.0
2013-02-20,10.63,8451710.0
2013-02-21,10.75,6643664.0
2013-02-22,10.79,3844995.0
2013-02-25,10.63,6006411.0
2013-02-26,10.53,2902526.0
2013-02-27,10.28,7329691.0
2013-02-28,10.14,51715002.0
2013-03-01,9.95,7257983.0
2013-03-04,9.47,12261312.0
2013-03-05,9.7,8816163.0
2013-03-06,9.75,4479240.0
2013-03-07,9.5,10934088.0
2013-03-08,9.41,4447531.0
2013-03-11,9.64,3744959.0
2013-03-12,9.85,6002772.0
2013-03-13,9.42,7685281.0
2013-03-14,9.56,4279444.0
2013-03-15,9.39,4673465.0
2013-03-18,9.21,4044504.0
2013-03-19,9.15,2264991.0
2013-03-20,9.12,2165242.0
2013-03-21,9.26,4885106.0
2013-03-22,9.15,4402456.0
2013-03-25,9.21,2923146.0
2013-03-26,8.9,6985334.0
2013-03-27,8.9,7660267.0
2013-03-28,9.16,2954506.0
2013-04-01,9.08,1475580.0
2013-04-02,9.35,4569922.0
2013-04-03,9.35,5332926.0
2013-04-04,9.32,2292955.0
2013-04-05,9.15,6772549.0
2013-04-08,9.05,2872164.0
2013-04-09,9.12,3656162.0
2013-04-10,8.99,6754222.0
2013-04-11,8.62,6699165.0
2013-04-12,8.81,8400881.0
2013-04-15,8.49,5493715.0
2013-04-16,8.62,3650996.0
2013-04-17,8.15,7741660.0
2013-04-18,8.19,8144080.0
2013-04-19,8.16,2540759.0
2013-04-22,7.95,3862007.0
2013-04-23,7.88,4524090.0
2013-04-24,7.9,3501578.0
2013-04-25,8.04,2202685.0
2013-04-26,7.52,5392036.0
2013-04-29,7.21,15032073.0
2013-04-30,7.16,9812090.0
2013-05-02,7.35,7738445.0
2013-05-03,7.83,5693715.0
2013-05-06,7.97,4822507.0
2013-05-07,8.3,5767625.0
2013-05-08,8.1,2897272.0
2013-05-09,8.1,3030476.0
2013-05-10,8.0,6867157.0
2013-05-13,7.65,4620921.0
2013-05-14,8.06,5621515.0
2013-05-15,8.21,3034267.0
2013-05-16,7.75,4710805.0
2013-05-17,8.27,6677035.0
2013-05-20,8.9,9137931.0
2013-05-21,9.16,14722250.0
2013-05-22,8.77,14463847.0
2013-05-23,8.6,9625032.0
2013-05-24,8.72,9374949.0
2013-05-27,8.81,3241650.0
2013-05-28,8.91,5995952.0
2013-05-29,8.75,7812713.0
2013-05-31,8.15,9477092.0
2013-06-03,8.17,3547433.0
2013-06-04,8.04,2378262.0
2013-06-05,8.26,5187020.0
2013-06-06,8.51,6784575.0
2013-06-07,8.08,5077136.0
2013-06-10,8.12,5943270.0
2013-06-11,7.99,12786621.0
2013-06-12,7.9,4896475.0
2013-06-13,7.78,6450829.0
2013-06-14,7.44,3228741.0
2013-06-17,7.27,2689529.0
2013-06-18,7.12,4941462.0
2013-06-19,7.0,5762290.0
2013-06-20,6.73,7720409.0
2013-06-21,6.24,8970348.0
2013-06-24,5.99,6558346.0
2013-06-25,5.74,6683092.0
2013-06-26,5.59,6848883.0
2013-06-27,5.63,8405104.0
2013-06-28,5.38,10362327.0
2013-07-01,5.22,4238046.0
2013-07-02,4.8,5064042.0
2013-07-03,5.0,11260435.0
2013-07-04,5.22,4453751.0
2013-07-05,4.99,3906816.0
2013-07-08,4.88,7948548.0
2013-07-10,4.67,9909056.0
2013-07-11,5.03,10379384.0
2013-07-12,5.29,5841444.0
2013-07-15,5.56,10457955.0
2013-07-16,5.76,8536123.0
2013-07-17,6.17,8861234.0
2013-07-18,5.81,11058001.0
2013-07-19,5.78,9645928.0
2013-07-22,6.0,3919459.0
2013-07-23,5.88,8314884.0
2013-07-24,5.63,4487153.0
2013-07-25,5.61,2217466.0
2013-07-26,5.6,5464013.0
2013-07-29,5.59,3094309.0
2013-07-30,5.32,4391560.0
2013-07-31,5.11,4360576.0
2013-08-01,5.07,5674462.0
2013-08-02,5.07,3846720.0
2013-08-05,5.1,2164098.0
2013-08-06,4.95,1705970.0
2013-08-07,6.38,62516608.0
2013-08-08,6.25,22218703.0
2013-08-09,6.08,6720118.0
2013-08-12,5.8,11806864.0
2013-08-13,5.64,7040966.0
2013-08-14,6.12,10047775.0
2013-08-15,5.91,6052767.0
2013-08-16,5.74,4893716.0
2013-08-19,5.81,3346657.0
2013-08-20,5.6,5277782.0
2013-08-21,5.49,7183130.0
2013-08-22,5.6,3491508.0
2013-08-23,5.92,7419174.0
2013-08-26,5.85,5045615.0
2013-08-27,5.54,5118911.0
2013-08-28,5.58,2805585.0
2013-08-29,5.62,1945311.0
2013-08-30,5.74,2828858.0
2013-09-02,5.86,1510640.0
2013-09-03,5.95,6351028.0
2013-09-04,5.88,3711110.0
2013-09-05,5.99,3773281.0
2013-09-06,6.25,5500715.0
2013-09-09,6.45,8740927.0
2013-09-10,6.64,7215254.0
2013-09-11,6.54,2796733.0
2013-09-12,6.7,3882632.0
2013-09-13,7.0,7206999.0
2013-09-16,7.21,5584823.0
2013-09-17,7.59,8784145.0
2013-09-18,7.61,10180658.0
2013-09-19,7.38,5733686.0
2013-09-20,7.38,6031654.0
2013-09-23,7.59,2811482.0
2013-09-24,7.6,3282964.0
2013-09-25,7.61,3237258.0
2013-09-26,7.55,2221008.0
2013-09-27,7.55,14488252.0
2013-09-30,7.55,2014450.0
2013-10-01,7.65,1756146.0
2013-10-02,7.53,4312802.0
2013-10-03,7.55,2665716.0
2013-10-04,7.53,9082234.0
2013-10-07,7.65,3974481.0
2013-10-08,7.95,8447429.0
2013-10-09,8.24,7375366.0
2013-10-10,8.6,8854133.0
2013-10-11,8.47,3802787.0
2013-10-14,8.91,12831408.0
2013-10-15,9.29,12403293.0
2013-10-16,9.43,7619538.0
2013-10-17,9.65,5884580.0
2013-10-18,9.41,7941358.0
2013-10-21,9.4,5454978.0
2013-10-22,9.4,5939869.0
2013-10-23,9.1,8340729.0
2013-10-24,8.8,5844262.0
2013-10-25,9.0,4592132.0
2013-10-28,9.4,5718075.0
2013-10-29,9.3,3407938.0
2013-10-30,9.0,6143723.0
2013-10-31,9.5,14529593.0
2013-11-01,9.45,9206947.0
2013-11-04,9.71,5841026.0
2013-11-05,9.36,4440298.0
2013-11-06,9.45,3971656.0
2013-11-07,9.89,12612630.0
2013-11-08,10.02,13037569.0
2013-11-11,9.42,7435107.0
2013-11-12,8.81,8893433.0
2013-11-13,8.45,11088817.0
2013-11-14,8.88,6830165.0
2013-11-18,9.12,3328127.0
2013-11-19,8.82,7932407.0
2013-11-21,9.02,10594853.0
2013-11-22,8.88,4962301.0
2013-11-25,8.71,4399120.0
2013-11-26,8.55,7390244.0
2013-11-27,8.3,6949789.0
2013-11-28,8.65,5956146.0
2013-11-29,8.4,6209255.0
2013-12-02,8.15,6310767.0
2013-12-03,7.89,9053695.0
2013-12-04,7.6,9946129.0
2013-12-05,7.96,7619128.0
2013-12-06,8.28,5313330.0
2013-12-09,7.98,10223460.0
2013-12-10,7.9,8570929.0
2013-12-11,7.89,6969895.0
2013-12-12,7.71,7560395.0
2013-12-13,7.5,6994951.0
2013-12-16,7.4,10991245.0
2013-12-17,7.48,6466989.0
2013-12-18,7.39,6040114.0
2013-12-19,7.55,5862330.0
2013-12-20,7.36,9552551.0
2013-12-23,7.33,2786713.0
2013-12-26,7.2,3410218.0
2013-12-27,7.4,3386788.0
2013-12-30,7.55,3669322.0
2014-01-02,7.23,9401682.0
2014-01-03,7.47,5867681.0
2014-01-06,7.86,4610715.0
2014-01-07,8.06,10194464.0
2014-01-08,8.22,6479634.0
2014-01-09,8.18,11308396.0
2014-01-10,8.15,8558986.0
2014-01-13,8.2,5276224.0
2014-01-14,8.25,4435744.0
2014-01-15,8.28,4166095.0
2014-01-16,8.38,4486451.0
2014-01-17,8.17,6038107.0
2014-01-20,8.24,3262719.0
2014-01-21,8.15,6243769.0
2014-01-22,8.6,6247505.0
2014-01-23,8.5,9849244.0
2014-01-24,8.26,8043223.0
2014-01-27,8.2,4019037.0
2014-01-28,8.05,2410013.0
2014-01-29,7.74,7751926.0
2014-01-30,7.9,3131519.0
2014-01-31,7.95,3209024.0
2014-02-03,7.67,5411253.0
2014-02-04,7.55,7765934.0
2014-02-05,7.7,10842329.0
2014-02-06,7.89,13653447.0
2014-02-07,8.2,7424585.0
2014-02-10,7.89,13841711.0
2014-02-11,8.0,10717363.0
2014-02-12,7.88,5481724.0
2014-02-13,7.63,4781784.0
2014-02-14,7.75,4295249.0
2014-02-17,7.82,4224379.0
2014-02-18,7.84,5284304.0
2014-02-19,7.46,6278380.0
2014-02-20,7.26,9293037.0
2014-02-21,7.45,11916331.0
2014-02-24,7.37,14478904.0
2014-02-25,7.08,9875004.0
2014-02-26,7.04,6048364.0
2014-02-27,7.04,8115786.0
2014-02-28,7.04,6615192.0
2014-03-05,6.81,4914897.0
2014-03-06,7.0,15222467.0
2014-03-07,6.92,6509092.0
2014-03-10,6.76,2814039.0
2014-03-11,6.54,4789211.0
2014-03-12,6.29,14518084.0
2014-03-13,5.95,12246331.0
2014-03-14,6.0,11390998.0
2014-03-17,6.01,3624615.0
2014-03-18,6.16,1807921.0
2014-03-19,6.03,8126659.0
2014-03-20,6.15,7946106.0
2014-03-21,6.4,12050791.0
2014-03-24,6.48,11465641.0
2014-03-25,6.37,6105148.0
2014-03-26,6.4,6274283.0
2014-03-27,6.49,9512906.0
2014-03-28,6.53,2790618.0
2014-03-31,6.48,5680684.0
2014-04-01,6.59,3404255.0
2014-04-02,6.9,7569099.0
2014-04-03,6.94,8370982.0
2014-04-04,6.99,6548241.0
2014-04-07,7.13,6046779.0
2014-04-08,7.11,5921027.0
2014-04-09,7.14,4370951.0
2014-04-10,7.1,5896193.0
2014-04-11,7.07,3735444.0
2014-04-14,7.03,4345305.0
2014-04-15,6.87,5037622.0
2014-04-16,6.96,2851754.0
2014-04-17,7.09,3089659.0
2014-04-22,7.15,4349562.0
2014-04-23,7.07,4412255.0
2014-04-24,7.06,4120294.0
2014-04-25,7.08,3172128.0
2014-04-28,7.35,9067425.0
2014-04-29,7.5,5872183.0
2014-04-30,7.63,6360414.0
2014-05-02,7.92,11696209.0
2014-05-05,7.95,6361557.0
2014-05-06,7.8,8742086.0
2014-05-07,7.8,12191991.0
2014-05-08,8.55,27091761.0
2014-05-09,8.52,17966193.0
2014-05-12,8.6,7797060.0
2014-05-13,8.35,5115924.0
2014-05-14,8.37,4269558.0
2014-05-15,8.35,4309484.0
2014-05-16,8.27,5948048.0
2014-05-19,8.23,8141799.0
2014-05-20,8.4,6155510.0
2014-05-21,8.81,9611064.0
2014-05-22,8.87,14174936.0
2014-05-23,8.65,6868039.0
2014-05-26,8.49,2893976.0
2014-05-27,8.3,13387479.0
2014-05-28,8.55,11830884.0
2014-05-29,8.4,6094406.0
2014-05-30,8.14,13141444.0
2014-06-02,7.63,13156586.0
2014-06-03,7.69,11794736.0
2014-06-04,7.92,7856709.0
2014-06-05,8.12,11708557.0
2014-06-06,8.41,11330897.0
2014-06-09,8.63,10542665.0
2014-06-10,8.67,10345241.0
2014-06-11,8.5,7863275.0
2014-06-13,8.55,9803223.0
2014-06-16,8.8,8097197.0
2014-06-17,9.3,16127606.0
2014-06-18,8.98,13799541.0
2014-06-20,8.77,12795822.0
2014-06-23,8.95,7553351.0
2014-06-24,9.1,17073605.0
2014-06-25,8.8,7267654.0
2014-06-26,9.1,12803288.0
2014-06-27,9.0,4789049.0
2014-06-30,9.19,4406607.0
2014-07-01,9.4,10679787.0
2014-07-02,9.41,6439296.0
2014-07-03,9.74,15337307.0
2014-07-04,9.66,1572020.0
2014-07-07,9.6,5498208.0
2014-07-08,9.42,7097783.0
2014-07-10,9.4,10881644.0
2014-07-11,9.46,8007580.0
2014-07-14,9.4,6750408.0
2014-07-15,9.18,16425030.0
2014-07-16,9.15,5326099.0
2014-07-17,9.08,4248078.0
2014-07-18,8.86,9591369.0
2014-07-21,9.04,6092509.0
2014-07-22,9.0,5851534.0
2014-07-23,9.05,7946369.0
2014-07-24,9.12,4699014.0
2014-07-25,9.1,9703267.0
2014-07-28,9.06,5760885.0
2014-07-29,8.9,3574068.0
2014-07-30,8.65,9113582.0
2014-07-31,8.95,6587536.0
2014-08-01,8.99,13833559.0
2014-08-04,8.86,6908301.0
2014-08-05,8.92,7670898.0
2014-08-06,8.7,4909666.0
2014-08-07,8.7,4542517.0
2014-08-08,8.69,7394753.0
2014-08-11,8.9,4449060.0
2014-08-12,8.8,6073366.0
2014-08-13,8.8,3966282.0
2014-08-14,8.86,2275655.0
2014-08-15,8.95,8355698.0
2014-08-18,9.0,4207499.0
2014-08-19,9.0,2801505.0
2014-08-20,8.96,1621090.0
2014-08-21,8.82,3698004.0
2014-08-22,8.65,11267227.0
2014-08-25,8.86,4339351.0
2014-08-26,9.0,5783520.0
2014-08-27,9.07,4794729.0
2014-08-28,9.05,6926272.0
2014-08-29,9.0,5626358.0
2014-09-01,8.97,1797085.0
2014-09-02,9.03,4270892.0
2014-09-03,9.14,8022787.0
2014-09-04,9.09,5227541.0
2014-09-05,8.9,14804653.0
2014-09-08,8.7,4548562.0
2014-09-09,8.4,10461792.0
2014-09-10,8.15,7292986.0
2014-09-11,8.25,8542981.0
2014-09-12,8.2,6077117.0
2014-09-15,8.39,8990760.0
2014-09-16,8.68,6869621.0
2014-09-17,8.5,3958345.0
2014-09-18,8.56,5258799.0
2014-09-19,8.66,2861601.0
2014-09-22,8.25,5187970.0
2014-09-23,8.2,5603315.0
2014-09-24,8.17,11315108.0
2014-09-25,8.0,9429468.0
2014-09-26,7.97,3168420.0
2014-09-29,7.31,8987555.0
2014-09-30,7.58,14692193.0
2014-10-01,7.63,7733397.0
2014-10-02,7.91,5785640.0
2014-10-03,7.83,7079447.0
2014-10-06,8.22,4272962.0
2014-10-07,8.3,7233484.0
2014-10-08,8.4,11241982.0
2014-10-09,8.65,5869422.0
2014-10-10,8.08,5442474.0
2014-10-13,8.03,5573543.0
2014-10-14,8.13,3325229.0
2014-10-15,8.16,6197515.0
2014-10-16,7.97,10107327.0
2014-10-17,7.87,5603627.0
2014-10-20,7.76,5868895.0
2014-10-21,7.6,6998276.0
2014-10-22,7.69,5505291.0
2014-10-23,7.15,8688526.0
2014-10-24,7.35,2564758.0
2014-10-27,7.38,1831100.0
2014-10-28,7.69,2074815.0
2014-10-29,7.61,1525416.0
2014-10-30,7.89,3883159.0
2014-10-31,8.25,12205049.0
2014-11-03,8.6,8921236.0
2014-11-04,8.57,6386838.0
2014-11-05,8.69,3982119.0
2014-11-06,8.51,5675761.0
2014-11-07,8.59,6575451.0
2014-11-10,8.45,5558303.0
2014-11-11,8.28,5023219.0
2014-11-12,8.01,4769904.0
2014-11-13,7.9,3052957.0
2014-11-14,7.88,6896569.0
2014-11-17,7.77,2866033.0
2014-11-18,8.05,4119926.0
2014-11-19,8.3,5089053.0
2014-11-21,8.3,5233295.0
2014-11-24,8.53,4572074.0
2014-11-25,8.15,6979454.0
2014-11-26,8.12,2997854.0
2014-11-27,8.18,2726200.0
2014-11-28,8.0,5642264.0
2014-12-01,7.9,3057170.0
2014-12-02,7.95,3409513.0
2014-12-03,8.09,7229334.0
2014-12-04,7.83,6264109.0
2014-12-05,7.91,1986372.0
2014-12-08,7.64,1940371.0
2014-12-09,7.65,479852.0
2014-12-10,7.8,2655009.0
2014-12-11,7.68,2730359.0
2014-12-12,7.27,2849181.0
2014-12-15,7.15,2282674.0
2014-12-16,7.28,3197840.0
2014-12-17,7.41,4634214.0
2014-12-18,7.4,1569743.0
2014-12-19,7.6,1828984.0
2014-12-22,7.65,2544270.0
2014-12-23,7.65,2427648.0
2014-12-26,7.58,2667423.0
2014-12-29,7.76,1122507.0
2014-12-30,7.71,2425222.0
2015-01-02,7.45,1520727.0
2015-01-05,7.59,2444816.0
2015-01-06,7.49,2955697.0
2015-01-07,7.75,1578592.0
2015-01-08,7.68,2017078.0
2015-01-09,7.5,3315500.0
2015-01-12,7.5,1466200.0
2015-01-13,7.42,1131235.0
2015-01-14,7.35,2461012.0
2015-01-15,7.3,1703269.0
2015-01-16,7.35,2346947.0
2015-01-19,7.35,2115547.0
2015-01-20,7.07,4123983.0
2015-01-21,7.0,4163535.0
2015-01-22,6.96,2601444.0
2015-01-23,7.15,2406793.0
2015-01-26,7.0,3013781.0
2015-01-27,6.71,3901669.0
2015-01-28,6.61,3598479.0
2015-01-29,6.76,2435291.0
2015-01-30,6.78,2136719.0
2015-02-02,6.84,1673725.0
2015-02-03,6.6,2895004.0
2015-02-04,6.45,2085669.0
2015-02-05,6.37,3449692.0
2015-02-06,6.05,3976136.0
2015-02-09,6.04,3688715.0
2015-02-10,6.15,2546392.0
2015-02-11,5.78,5275699.0
2015-02-12,5.91,5592276.0
2015-02-13,6.09,4010990.0
2015-02-18,6.12,3209095.0
2015-02-19,6.32,2003689.0
2015-02-20,6.4,3844664.0
2015-02-23,6.42,3463236.0
2015-02-24,6.6,2445124.0
2015-02-25,6.46,4277643.0
2015-02-26,6.58,6069414.0
2015-02-27,6.08,11742646.0
2015-03-02,6.07,2797543.0
2015-03-03,5.87,3102887.0
2015-03-04,5.58,3144187.0
2015-03-05,5.5,4725986.0
2015-03-06,5.33,7233456.0
2015-03-09,5.14,6789201.0
2015-03-10,5.29,5393373.0
2015-03-11,5.24,3394671.0
2015-03-12,5.49,4819066.0
2015-03-13,5.27,4269917.0
2015-03-16,5.08,2200706.0
2015-03-17,5.01,3269483.0
2015-03-18,4.98,4349152.0
2015-03-19,5.09,4627856.0
2015-03-20,5.1,2713279.0
2015-03-23,5.15,949647.0
2015-03-24,5.05,2247678.0
2015-03-25,4.98,4223406.0
2015-03-26,4.98,4593462.0
2015-03-27,4.96,2181006.0
2015-03-30,5.04,5242978.0
2015-03-31,5.14,2998300.0
2015-04-01,5.29,5495626.0
2015-04-02,5.52,3027648.0
2015-04-06,5.5,2483329.0
2015-04-07,5.48,4448490.0
2015-04-08,5.0,11655682.0
2015-04-09,5.02,5959560.0
2015-04-10,5.1,3195553.0
2015-04-13,5.06,1302685.0
2015-04-14,5.05,1950484.0
2015-04-15,5.08,3061256.0
2015-04-16,5.25,3114747.0
2015-04-17,5.12,3024693.0
2015-04-20,5.07,1883707.0
2015-04-22,5.1,1784513.0
2015-04-23,5.04,2037947.0
2015-04-24,5.15,5149166.0
2015-04-27,5.22,2740232.0
2015-04-28,5.05,2919121.0
2015-04-29,4.97,2420157.0
2015-04-30,5.01,1902709.0
2015-05-04,5.23,3976771.0
2015-05-05,5.4,4490412.0
2015-05-06,5.55,3541167.0
2015-05-07,5.53,3438385.0
2015-05-08,5.02,11387133.0
2015-05-11,4.93,3797014.0
2015-05-12,5.0,2199976.0
2015-05-13,4.95,2594872.0
2015-05-14,4.77,4500906.0
2015-05-15,4.85,3243388.0
2015-05-18,4.8,1513326.0
2015-05-19,4.7,2499271.0
2015-05-20,4.65,2751097.0
2015-05-21,4.64,915248.0
2015-05-22,4.58,1103355.0
2015-05-25,4.54,836089.0
2015-05-26,4.38,6027592.0
2015-05-27,4.39,5752365.0
2015-05-28,4.39,3419445.0
2015-05-29,4.23,3867880.0
2015-06-01,4.32,2203473.0
2015-06-02,4.21,5253149.0
2015-06-03,4.15,3004276.0
2015-06-05,4.1,2703151.0
2015-06-08,4.06,1315897.0
2015-06-09,4.11,1558052.0
2015-06-10,4.01,1669607.0
2015-06-11,3.97,2158403.0
2015-06-12,3.91,1159497.0
2015-06-15,3.85,1106096.0
2015-06-16,3.86,1247581.0
2015-06-17,3.91,1089989.0
2015-06-18,3.84,1685867.0
2015-06-19,3.91,2708129.0
2015-06-22,3.97,1395753.0
2015-06-23,3.82,2053106.0
2015-06-24,3.7,1480932.0
2015-06-25,3.58,1241511.0
2015-06-26,3.58,826944.0
2015-06-29,3.5,1883432.0
2015-06-30,3.53,1921304.0
2015-07-01,3.42,1641956.0
2015-07-02,3.31,2615931.0
2015-07-03,3.26,2574284.0
2015-07-06,3.19,2182086.0
2015-07-07,3.08,1580856.0
2015-07-08,3.0,2037292.0
2015-07-10,3.03,1894034.0
2015-07-13,2.95,1587051.0
2015-07-14,2.92,756448.0
2015-07-15,2.75,3077947.0
2015-07-16,2.63,3327088.0
2015-07-17,2.55,3334196.0
2015-07-20,2.41,3176043.0
2015-07-21,2.75,10807335.0
2015-07-22,3.0,7969880.0
2015-07-23,3.55,15019356.0
2015-07-24,3.1,19286441.0
2015-07-27,2.8,5682217.0
2015-07-28,2.87,3136872.0
2015-07-29,2.74,2730593.0
2015-07-30,2.73,1546769.0
2015-07-31,3.6,12830618.0
2015-08-03,3.37,7466825.0
2015-08-04,3.44,5381344.0
2015-08-05,3.32,2558191.0
2015-08-06,3.13,3000131.0
2015-08-07,2.98,3676995.0
2015-08-10,3.02,3256746.0
2015-08-11,3.15,2384960.0
2015-08-12,2.98,1243676.0
2015-08-13,2.9,1453912.0
2015-08-14,2.86,1517062.0
2015-08-17,2.97,2010148.0
2015-08-18,3.12,3138012.0
2015-08-19,2.97,1807945.0
2015-08-20,3.05,798205.0
2015-08-21,2.9,1108588.0
2015-08-24,2.73,1464304.0
2015-08-25,2.69,2071559.0
2015-08-26,2.64,1739187.0
2015-08-27,2.69,2570915.0
2015-08-28,2.64,2276450.0
2015-08-31,2.55,1511147.0
2015-09-01,2.48,685257.0
2015-09-02,2.47,555333.0
2015-09-03,2.57,1575384.0
2015-09-04,2.46,1463204.0
2015-09-08,2.38,2110291.0
2015-09-09,2.43,1179521.0
2015-09-10,2.4,1044479.0
2015-09-11,2.28,1517500.0
2015-09-14,2.18,1527709.0
2015-09-15,2.1,1284365.0
2015-09-16,2.22,1279951.0
2015-09-17,2.28,2800655.0
2015-09-18,2.06,5020781.0
2015-09-21,2.0,2671397.0
2015-09-22,1.91,2566480.0
2015-09-23,1.9,1593406.0
2015-09-24,1.95,834774.0
2015-09-25,1.88,642361.0
2015-09-28,1.8,1068965.0
2015-09-29,1.78,532753.0
2015-09-30,1.8,720553.0
2015-10-01,13.15,4980958.0
2015-10-02,13.0,11419663.0
2015-10-05,14.0,9434156.0
2015-10-06,14.51,1911294.0
2015-10-07,15.56,2337937.0
2015-10-08,15.98,1185960.0
2015-10-09,15.41,1199905.0
2015-10-13,13.93,3284187.0
2015-10-14,13.55,3245703.0
2015-10-15,13.45,2647410.0
2015-10-16,12.93,2714009.0
2015-10-19,12.75,2949275.0
2015-10-20,12.5,2154244.0
2015-10-21,12.0,2865175.0
2015-10-22,12.0,2444266.0
2015-10-23,11.84,2487002.0
2015-10-26,12.4,4695065.0
2015-10-27,12.9,5533428.0
2015-10-28,12.0,3665383.0
2015-10-29,11.76,2687530.0
2015-10-30,11.8,2515075.0
2015-11-03,11.33,3289487.0
2015-11-04,11.76,3625858.0
2015-11-05,11.79,3476347.0
2015-11-06,11.32,2449258.0
2015-11-09,11.06,2973339.0
2015-11-10,10.5,4802408.0
2015-11-11,10.56,3247512.0
2015-11-12,10.3,2623380.0
2015-11-13,10.6,3111893.0
2015-11-16,10.4,2623484.0
2015-11-17,10.99,3926672.0
2015-11-18,10.5,3914591.0
2015-11-19,10.49,2073714.0
2015-11-23,10.33,1437328.0
2015-11-24,10.72,1503180.0
2015-11-25,10.22,1564570.0
2015-11-26,10.57,2370901.0
2015-11-27,10.0,2199791.0
2015-11-30,8.83,3285647.0
2015-12-01,8.0,2916828.0
2015-12-02,8.08,2026471.0
2015-12-03,8.67,2208418.0
2015-12-04,8.01,1555137.0
2015-12-07,8.39,1893250.0
2015-12-08,7.95,1783363.0
2015-12-09,8.11,3477339.0
2015-12-10,8.5,4310863.0
2015-12-11,8.03,1807280.0
2015-12-14,7.83,2451983.0
2015-12-15,8.8,11226487.0
2015-12-16,9.18,3607605.0
2015-12-17,10.6,9257167.0
2015-12-18,10.5,9915669.0
2015-12-21,10.1,2586880.0
2015-12-22,10.88,4941165.0
2015-12-23,11.8,4139444.0
2015-12-28,16.2,14541900.0
2015-12-29,17.95,28799418.0
2015-12-30,17.65,13368686.0
2016-01-04,17.95,9632953.0
2016-01-05,18.13,6822760.0
2016-01-06,16.56,7939864.0
2016-01-07,14.36,12935313.0
2016-01-08,14.42,5519904.0
2016-01-11,14.42,1918603.0
2016-01-12,13.6,1282692.0
2016-01-13,13.51,2728392.0
2016-01-14,14.19,2148558.0
2016-01-15,14.4,1293606.0
2016-01-18,14.2,2010706.0
2016-01-19,13.9,1107858.0
2016-01-20,13.8,1155950.0
2016-01-21,13.7,829952.0
2016-01-22,12.75,892809.0
2016-01-26,12.81,1368066.0
2016-01-27,12.98,656320.0
2016-01-28,12.85,458327.0
2016-01-29,14.15,2037766.0
2016-02-01,14.55,1098002.0
2016-02-02,14.0,1436760.0
2016-02-03,14.5,872504.0
2016-02-04,14.55,1022837.0
2016-02-05,13.82,1183293.0
2016-02-10,13.44,543708.0
2016-02-11,12.66,944810.0
2016-02-12,15.23,3396385.0
2016-02-15,17.35,3947702.0
2016-02-16,19.03,5576927.0
2016-02-17,16.95,6143765.0
2016-02-18,17.83,4473090.0
2016-02-19,18.0,2572956.0
2016-02-22,18.26,1261360.0
2016-02-23,18.99,2300736.0
2016-02-24,19.0,2331001.0
2016-02-25,18.72,1543819.0
2016-02-26,19.0,1812139.0
2016-02-29,19.7,3987001.0
2016-03-01,20.8,5894960.0
2016-03-02,22.11,5193302.0
2016-03-03,25.16,6824282.0
2016-03-04,25.3,5460609.0
2016-03-07,25.28,3127725.0
2016-03-08,24.99,2559561.0
2016-03-09,26.7,6207635.0
2016-03-10,27.15,2374475.0
2016-03-11,27.01,1912112.0
2016-03-14,28.0,5497992.0
2016-03-15,27.63,4397969.0
2016-03-16,28.56,4462097.0
2016-03-17,28.61,5232318.0
2016-03-18,27.5,6974686.0
2016-03-21,29.86,9742366.0
2016-03-22,30.7,9891534.0
2016-03-23,31.6,7605021.0
2016-03-24,31.6,7213881.0
2016-03-28,29.82,8993154.0
2016-03-29,30.22,4988480.0
2016-03-30,30.4,6475757.0
2016-03-31,29.25,3423408.0
2016-04-01,30.0,4478117.0
2016-04-04,28.89,3943679.0
2016-04-05,28.31,4743516.0
2016-04-06,27.5,7291988.0
2016-04-07,27.25,2640708.0
2016-04-08,28.4,5290464.0
2016-04-11,29.0,1662004.0
2016-04-12,29.05,4502696.0
2016-04-13,28.51,9497395.0
2016-04-14,28.6,3305196.0
2016-04-15,28.5,5034334.0
2016-04-18,28.7,3976706.0
2016-04-19,28.76,1640904.0
2016-04-20,29.05,6551687.0
2016-04-22,28.84,2588906.0
2016-04-25,28.63,4900464.0
2016-04-26,29.0,3758469.0
2016-04-27,34.56,10102104.0
2016-04-28,32.39,2944711.0
2016-04-29,32.03,4902710.0
2016-05-02,34.9,3719427.0
2016-05-03,34.49,7265543.0
2016-05-04,32.05,8241010.0
2016-05-05,28.5,5281744.0
2016-05-06,34.0,15221616.0
2016-05-09,35.05,4962795.0
2016-05-10,35.0,2224038.0
2016-05-11,35.3,1890023.0
2016-05-12,34.5,10247041.0
2016-05-13,33.63,2918242.0
2016-05-16,34.08,2725438.0
2016-05-17,34.21,3724256.0
2016-05-18,34.83,1922236.0
2016-05-19,34.49,1901495.0
2016-05-20,35.0,3614748.0
2016-05-23,33.75,1902980.0
2016-05-24,34.56,2964656.0
2016-05-25,34.0,1311804.0
2016-05-27,33.6,2391141.0
2016-05-30,34.47,3241982.0
2016-05-31,34.76,925282.0
2016-06-01,33.83,4604149.0
2016-06-02,34.63,4848205.0
2016-06-03,34.99,10074766.0
2016-06-06,37.3,8689871.0
2016-06-07,38.05,8460062.0
2016-06-08,38.05,7485570.0
2016-06-09,37.69,3439278.0
2016-06-10,36.79,6478761.0
2016-06-13,35.09,8624191.0
2016-06-14,34.83,13005499.0
2016-06-15,34.79,4020860.0
2016-06-16,33.9,2270984.0
2016-06-17,35.7,2935336.0
2016-06-20,36.8,7515367.0
2016-06-21,37.68,8661856.0
2016-06-22,37.55,7208196.0
2016-06-23,37.95,7653452.0
2016-06-24,37.0,5076208.0
2016-06-27,36.99,8184441.0
2016-06-28,38.0,11538391.0
2016-06-29,38.25,10488138.0
2016-06-30,38.5,3142600.0
2016-07-01,39.0,10733315.0
2016-07-04,39.25,4847170.0
2016-07-05,39.15,5835416.0
2016-07-06,39.0,2235973.0
2016-07-07,39.6,2052080.0
2016-07-08,41.8,6181101.0
2016-07-11,41.64,9621657.0
2016-07-12,41.8,2202728.0
2016-07-13,42.0,2785594.0
2016-07-14,42.65,6457851.0
2016-07-15,42.56,2359022.0
2016-07-18,42.53,4272457.0
2016-07-19,43.0,2546083.0
2016-07-20,43.15,4251182.0
2016-07-21,43.0,7089228.0
2016-07-22,43.03,2635955.0
2016-07-25,45.18,5086604.0
2016-07-26,45.31,5877208.0
2016-07-27,45.04,6143118.0
2016-07-28,44.06,4539948.0
2016-07-29,46.0,11112751.0
2016-08-01,46.0,5371381.0
2016-08-02,43.85,14539859.0
2016-08-03,44.4,19335751.0
2016-08-04,50.0,35239020.0
2016-08-05,53.0,13196786.0
2016-08-08,53.05,9223161.0
2016-08-09,56.5,18141344.0
2016-08-10,58.2,13388957.0
2016-08-11,59.0,14656696.0
2016-08-12,59.97,5218207.0
2016-08-15,59.45,9523452.0
2016-08-16,62.14,21160626.0
2016-08-17,63.2,8012141.0
2016-08-18,61.8,7341954.0
2016-08-19,61.3,4002315.0
2016-08-22,61.8,13176544.0
2016-08-23,62.9,10340982.0
2016-08-24,62.9,10875208.0
2016-08-25,61.76,1895777.0
2016-08-26,62.08,10785623.0
2016-08-29,62.9,6203549.0
2016-08-30,61.05,12934872.0
2016-08-31,60.5,6100145.0
2016-09-01,63.26,21702805.0
2016-09-02,65.75,24668857.0
2016-09-05,65.98,2823866.0
2016-09-06,66.1,2645388.0
2016-09-08,65.9,6981397.0
2016-09-09,65.89,11921073.0
2016-09-12,65.7,5903867.0
2016-09-13,62.0,9532113.0
2016-09-14,61.57,8881937.0
2016-09-15,62.06,4230435.0
2016-09-16,62.5,7021692.0
2016-09-19,64.2,9129168.0
2016-09-20,65.4,7145693.0
2016-09-21,69.71,18993515.0
2016-09-22,70.43,11387555.0
2016-09-23,69.61,5604882.0
2016-09-26,71.13,7291299.0
2016-09-27,74.3,14985166.0
2016-09-28,75.0,9119264.0
2016-09-29,75.14,4687451.0
2016-09-30,76.5,18665828.0
2016-10-03,77.81,8901081.0
2016-10-04,79.0,6844348.0
2016-10-05,80.95,10016275.0
2016-10-06,82.75,5308955.0
2016-10-07,85.0,16585399.0
2016-10-10,90.5,15724656.0
2016-10-11,90.37,22521821.0
2016-10-13,88.5,14643277.0
2016-10-14,90.98,10887596.0
2016-10-17,90.0,5552163.0
2016-10-18,91.0,15648813.0
2016-10-19,91.99,5957670.0
2016-10-20,92.0,10154722.0
2016-10-21,93.02,9543503.0
2016-10-24,98.22,9009351.0
2016-10-25,83.0,28052093.0
2016-10-26,69.5,33035262.0
2016-10-27,90.99,42230305.0
2016-10-28,86.99,24630916.0
2016-10-31,92.46,26999602.0
2016-11-01,92.1,22787244.0
2016-11-03,92.0,13271564.0
2016-11-04,92.81,9505408.0
2016-11-07,94.0,8052497.0
2016-11-08,94.91,7928806.0
2016-11-09,97.99,17429648.0
2016-11-10,94.83,12764296.0
2016-11-11,94.73,8707801.0
2016-11-14,92.1,5224095.0
2016-11-16,91.61,7224008.0
2016-11-17,91.76,7271505.0
2016-11-18,93.3,9707288.0
2016-11-21,95.95,4555981.0
2016-11-22,96.52,10402845.0
2016-11-23,98.39,10838251.0
2016-11-24,97.4,985731.0
2016-11-25,97.4,6565683.0
2016-11-28,98.21,10169693.0
2016-11-29,101.15,10538362.0
2016-11-30,104.0,13523959.0
2016-12-01,100.5,9603219.0
2016-12-02,99.0,11858368.0
2016-12-05,97.8,5944253.0
2016-12-06,101.95,12550549.0
2016-12-07,102.35,8823918.0
2016-12-08,105.39,13119954.0
2016-12-09,106.2,7478125.0
2016-12-12,103.51,7455447.0
2016-12-13,105.3,12074951.0
2016-12-14,103.01,11836869.0
2016-12-15,106.15,13944170.0
2016-12-16,107.0,8605128.0
2016-12-19,104.8,7133871.0
2016-12-20,103.75,5690177.0
2016-12-21,106.42,11476418.0
2016-12-22,105.75,2801401.0
2016-12-23,105.8,2304144.0
2016-12-26,106.0,1164665.0
2016-12-27,104.9,2241675.0
2016-12-28,106.13,3298926.0
2016-12-29,106.17,3398343.0
2017-01-02,101.71,6431462.0
2017-01-03,101.4,5121032.0
2017-01-04,96.0,10500861.0
2017-01-05,99.3,10581484.0
2017-01-06,98.66,2471377.0
2017-01-09,94.17,11306547.0
2017-01-10,96.41,7486063.0
2017-01-11,97.5,10933359.0
2017-01-12,104.0,16374349.0
2017-01-13,106.0,9573352.0
2017-01-16,103.91,7762522.0
2017-01-17,106.0,7824640.0
2017-01-18,106.55,4334453.0
2017-01-19,107.4,6419429.0
2017-01-20,119.9,33452003.0
2017-01-23,125.0,13359433.0
2017-01-24,130.44,17053433.0
2017-01-26,127.52,13433864.0
2017-01-27,124.29,6390121.0
2017-01-30,116.6,4544907.0
2017-01-31,127.99,9576457.0
2017-02-01,127.0,13870466.0
2017-02-02,127.0,17963674.0
2017-02-03,127.0,5343945.0
2017-02-06,138.99,12984831.0
2017-02-07,140.0,7787815.0
2017-02-08,137.0,11065027.0
2017-02-09,137.0,4571493.0
2017-02-10,138.28,8643535.0
2017-02-13,152.0,13421504.0
2017-02-14,149.5,14610047.0
2017-02-15,154.0,15917696.0
2017-02-16,156.0,16101748.0
2017-02-17,163.55,23975047.0
2017-02-20,176.0,19072808.0
2017-02-21,191.5,33498427.0
2017-02-22,193.67,43750483.0
2017-02-23,205.08,50220926.0
2017-02-24,208.11,32605104.0
2017-03-01,215.0,28868317.0
2017-03-02,198.0,31913767.0
2017-03-03,195.01,21115718.0
2017-03-06,195.02,10425306.0
2017-03-07,185.1,31327505.0
2017-03-08,176.0,34597922.0
2017-03-09,185.49,28733033.0
2017-03-10,171.0,20655914.0
2017-03-13,170.06,15273819.0
2017-03-14,173.0,23679358.0
2017-03-15,175.69,12017833.0
2017-03-16,195.95,26841835.0
2017-03-17,183.9,18533682.0
2017-03-20,195.51,16001723.0
2017-03-21,184.0,20093847.0
2017-03-22,182.36,11336259.0
2017-03-23,189.0,5410980.0
2017-03-24,182.1,11238849.0
2017-03-27,181.5,12419312.0
2017-03-28,176.65,14673304.0
2017-03-29,180.35,8345035.0
2017-03-30,181.0,5277532.0
2017-03-31,177.1,25789981.0
2017-04-03,182.99,8710457.0
2017-04-04,183.79,11162874.0
2017-04-05,186.83,27033504.0
2017-04-06,188.0,7941131.0
2017-04-07,187.55,8795201.0
2017-04-10,185.0,8276928.0
2017-04-11,187.31,12604168.0
2017-04-12,179.47,15594285.0
2017-04-13,172.01,7976333.0
2017-04-17,189.75,16138088.0
2017-04-18,196.89,20123689.0
2017-04-19,206.0,19427592.0
2017-04-20,214.2,13712943.0
2017-04-24,210.0,28620187.0
2017-04-25,209.5,11983180.0
2017-04-26,211.14,7416875.0
2017-04-27,221.98,47859572.0
2017-04-28,222.79,33073302.0
2017-05-02,228.98,16332577.0
2017-05-03,230.0,16527186.0
2017-05-04,227.0,26481397.0
2017-05-05,259.0,70027136.0
2017-05-08,263.0,23155696.0
2017-05-09,271.22,21219183.0
2017-05-10,280.0,30273484.0
2017-05-11,263.5,53081875.0
2017-05-12,265.0,33935561.0
2017-05-15,272.5,38138440.0
2017-05-16,282.0,25218724.0
2017-05-17,280.54,27958947.0
2017-05-18,235.0,44332704.0
2017-05-19,248.5,38164323.0
2017-05-22,221.88,22612996.0
2017-05-23,241.89,25241765.0
2017-05-24,249.68,19888206.0
2017-05-25,248.73,24422234.0
2017-05-26,255.0,16174072.0
2017-05-29,258.5,9473295.0
2017-05-30,260.0,10573639.0
2017-05-31,251.0,27041998.0
2017-06-01,247.62,19215998.0
2017-06-02,241.5,39613544.0
2017-06-05,236.99,22771703.0
2017-06-06,237.0,30460881.0
2017-06-07,249.49,26663555.0
2017-06-08,257.21,27122620.0
2017-06-09,252.0,17375327.0
2017-06-12,248.31,21335316.0
2017-06-13,255.67,21656147.0
2017-06-14,257.0,25439212.0
2017-06-16,259.0,25509829.0
2017-06-19,257.0,16340013.0
2017-06-20,245.87,32752805.0
2017-06-21,245.0,25915870.0
2017-06-22,239.0,24287373.0
2017-06-23,244.69,37909092.0
2017-06-26,251.0,15731919.0
2017-06-27,246.0,16450314.0
2017-06-28,241.0,19833674.0
2017-06-29,248.48,19650469.0
2017-06-30,256.0,26562530.0
2017-07-03,260.0,14792797.0
2017-07-04,260.0,10252118.0
2017-07-05,260.0,27872510.0
2017-07-06,259.4,44229862.0
2017-07-07,285.49,76763952.0
2017-07-10,297.82,61846004.0
2017-07-11,303.99,40877186.0
2017-07-12,315.0,41758915.0
2017-07-13,302.0,65379606.0
2017-07-14,316.0,31957332.0
2017-07-17,330.04,47686039.0
2017-07-18,344.0,68378407.0
2017-07-19,345.1,83850979.0
2017-07-20,348.38,39270884.0
2017-07-21,335.1,50027799.0
2017-07-24,335.0,28491575.0
2017-07-25,346.41,45207643.0
2017-07-26,343.75,33982909.0
2017-07-27,348.02,31271929.0
2017-07-28,366.63,58589269.0
2017-07-31,366.88,82107537.0
2017-08-01,370.35,92030372.0
2017-08-02,371.88,89197951.0
2017-08-03,372.44,65492943.0
2017-08-04,393.0,105900064.0
2017-08-07,400.0,110277290.0
2017-08-08,394.38,136977127.0
2017-08-09,405.47,83055078.0
2017-08-10,396.57,60362815.0
2017-08-11,413.97,69651658.0
2017-08-14,445.66,96019397.0
2017-08-15,454.26,87688050.0
2017-08-16,490.0,124427405.0
2017-08-17,451.0,180806749.0
2017-08-18,458.0,121664398.0
2017-08-21,473.0,93722559.0
2017-08-22,467.97,58590834.0
2017-08-23,463.09,57006876.0
2017-08-24,477.1,73407140.0
2017-08-25,478.77,69492466.0
2017-08-28,493.99,70308592.0
2017-08-29,496.0,35030030.0
2017-08-30,515.0,87152177.0
2017-08-31,568.0,187721718.0
2017-09-01,564.14,197657194.0
2017-09-04,621.79,157591533.0
2017-09-05,82.0,243650457.0
2017-09-06,85.41,123340628.0
2017-09-08,78.92,183998472.0
2017-09-11,78.3,142932342.0
2017-09-12,69.02,367551196.0
2017-09-13,72.3,198683571.0
2017-09-14,82.0,371255288.0
2017-09-15,83.19,296319762.0
2017-09-18,81.25,186270325.0
2017-09-19,78.85,145066791.0
2017-09-20,75.5,216867504.0
2017-09-21,76.13,113010560.0
2017-09-22,75.05,70994907.0
2017-09-25,71.8,121509819.0
2017-09-26,73.99,189823012.0
2017-09-27,68.31,198266862.0
2017-09-28,70.75,335574815.0
2017-09-29,74.21,363914738.0
2017-10-02,77.88,242580058.0
2017-10-03,78.99,198709242.0
2017-10-04,79.5,119532831.0
2017-10-05,78.4,168262590.0
2017-10-06,79.7,122609638.0
2017-10-09,77.79,94893721.0
2017-10-10,79.62,72092583.0
2017-10-11,77.0,109239844.0
2017-10-13,72.7,379922430.0
2017-10-16,69.3,226575892.0
2017-10-17,63.8,375575475.0
2017-10-18,70.72,345825186.0
2017-10-19,69.99,147620053.0
2017-10-20,72.45,145608560.0
2017-10-23,69.2,123744348.0
2017-10-24,68.8,146145075.0
2017-10-25,68.82,76082416.0
2017-10-26,65.68,135213070.0
2017-10-27,64.0,146560437.0
2017-10-30,63.25,121057717.0
2017-10-31,63.75,98811618.0
2017-11-01,66.99,221559241.0
2017-11-03,61.53,233402444.0
2017-11-06,57.0,204549330.0
2017-11-07,51.57,314539021.0
2017-11-08,55.12,177074753.0
2017-11-09,51.72,145538976.0
2017-11-10,49.06,204529050.0
2017-11-13,51.14,156748176.0
2017-11-14,54.92,204287835.0
2017-11-16,57.0,216742198.0
2017-11-17,59.3,145632369.0
2017-11-21,60.6,148990852.0
2017-11-22,60.33,166889906.0
2017-11-23,58.71,64581804.0
2017-11-24,61.45,83332998.0
2017-11-27,59.59,138585143.0
2017-11-28,58.77,69706903.0
2017-11-29,58.2,83201020.0
2017-11-30,56.82,159007311.0
2017-12-01,58.21,122392624.0
2017-12-04,57.7,73962188.0
2017-12-05,57.5,90333822.0
2017-12-06,58.31,71995890.0
2017-12-07,64.46,260560825.0
2017-12-08,69.96,342238204.0
2017-12-11,69.76,182900388.0
2017-12-12,69.72,143840796.0
2017-12-13,68.8,171365317.0
2017-12-14,69.2,109987213.0
2017-12-15,69.41,73276547.0
2017-12-18,68.79,83908810.0
2017-12-19,66.92,77313748.0
2017-12-20,69.62,77220418.0
2017-12-21,72.21,193969238.0
2017-12-22,72.86,98489810.0
2017-12-26,75.49,139775025.0
2017-12-27,77.3,99238545.0
2017-12-28,80.22,228396418.0
2018-01-02,79.3,149753525.0
2018-01-03,78.3,102800146.0
2018-01-04,80.18,120012582.0
2018-01-05,78.6,75938174.0
2018-01-08,78.61,71166110.0
2018-01-09,76.72,75251563.0
2018-01-10,77.5,84457259.0
2018-01-11,77.64,43195525.0
2018-01-12,77.56,66125608.0
2018-01-15,78.9,49311634.0
2018-01-16,78.7,61309632.0
2018-01-17,78.78,38236462.0
2018-01-18,77.49,82831572.0
2018-01-19,76.75,42753857.0
2018-01-22,77.0,50726889.0
2018-01-23,74.9,84738893.0
2018-01-24,80.99,175668398.0
2018-01-26,82.8,170523888.0
2018-01-29,84.6,67527965.0
2018-01-30,84.66,95860661.0
2018-01-31,84.56,87991275.0
2018-02-01,85.86,74260923.0
2018-02-02,83.86,82931311.0
2018-02-05,80.63,77113924.0
2018-02-06,81.64,110881247.0
2018-02-07,79.0,89406003.0
2018-02-08,76.0,105629555.0
2018-02-09,73.89,119993797.0
2018-02-14,74.7,136036007.0
2018-02-15,79.21,95226884.0
2018-02-16,78.61,86062141.0
2018-02-19,82.26,71465553.0
2018-02-20,82.99,77767772.0
2018-02-21,79.54,210681607.0
2018-02-22,81.42,92015248.0
2018-02-23,86.99,509012411.0
2018-02-26,94.32,274458465.0
2018-02-27,91.5,270142394.0
2018-02-28,91.05,146174410.0
2018-03-01,92.18,151824691.0
2018-03-02,92.84,118143771.0
2018-03-05,90.4,107413008.0
2018-03-06,89.18,95852119.0
2018-03-07,90.03,62702577.0
2018-03-08,88.24,155242871.0
2018-03-09,90.7,208226800.0
2018-03-12,92.58,111760028.0
2018-03-13,91.55,136313473.0
2018-03-14,89.7,123299627.0
2018-03-15,91.0,92679514.0
2018-03-16,92.7,161386472.0
2018-03-19,90.7,90391364.0
2018-03-20,90.0,80172678.0
2018-03-21,93.0,124358711.0
2018-03-22,95.39,153920849.0
2018-03-23,94.8,120241677.0
2018-03-26,100.0,240671990.0
2018-03-27,96.7,363048149.0
2018-03-28,97.0,159164264.0
2018-03-29,97.91,88049540.0
2018-04-02,97.92,125552449.0
2018-04-03,97.0,139564044.0
2018-04-04,96.5,180639327.0
2018-04-05,98.69,109645949.0
2018-04-06,98.1,96955546.0
2018-04-09,96.63,109261622.0
2018-04-10,94.9,173423589.0
2018-04-11,96.87,111972458.0
2018-04-12,99.51,163129501.0
2018-04-13,98.25,62610166.0
2018-04-16,96.17,152996473.0
2018-04-17,97.0,77269388.0
2018-04-18,95.7,146912209.0
2018-04-19,94.38,101216066.0
2018-04-20,96.91,124980407.0
2018-04-23,99.87,125061067.0
2018-04-24,101.11,121827708.0
2018-04-25,101.44,90812265.0
2018-04-26,104.5,119323996.0
2018-04-27,105.3,225769433.0
2018-04-30,106.71,100275083.0
2018-05-02,102.5,150639124.0
2018-05-03,97.2,297556115.0
2018-05-04,97.7,190112551.0
2018-05-07,96.85,120998439.0
2018-05-08,110.99,552541829.0
2018-05-09,112.63,288302000.0
2018-05-10,109.5,215009118.0
2018-05-11,108.65,157884675.0
2018-05-14,108.15,160381458.0
2018-05-15,106.47,179740590.0
2018-05-16,112.21,239356238.0
2018-05-17,109.35,182433690.0
2018-05-18,105.09,347539207.0
2018-05-21,109.53,168872766.0
2018-05-22,114.0,214241128.0
2018-05-23,111.88,158071089.0
2018-05-24,112.99,174412750.0
2018-05-25,112.0,190478048.0
2018-05-28,105.0,259617643.0
2018-05-29,104.49,272731152.0
2018-05-30,108.42,1224128925.0
2018-06-01,115.47,316606128.0
2018-06-04,124.34,422825018.0
2018-06-05,121.02,267787440.0
2018-06-06,114.33,273680977.0
2018-06-07,106.4,540333753.0
2018-06-08,105.49,371402728.0
2018-06-11,106.22,197907707.0
2018-06-12,110.0,273279694.0
2018-06-13,112.41,242109570.0
2018-06-14,119.4,408740489.0
2018-06-15,119.82,276307050.0
2018-06-18,117.78,142896748.0
2018-06-19,123.66,285631403.0
2018-06-20,121.69,299891401.0
2018-06-21,121.61,205921985.0
2018-06-22,122.81,129798626.0
2018-06-25,122.75,281478917.0
2018-06-26,123.74,196563538.0
2018-06-27,121.53,125865052.0
2018-06-28,123.55,156924104.0
2018-06-29,127.99,226232777.0
2018-07-02,125.43,129343970.0
2018-07-03,124.53,266597289.0
2018-07-04,124.35,71125361.0
2018-07-05,120.0,170116077.0
2018-07-06,121.7,203283039.0
2018-07-10,118.05,237193582.0
2018-07-11,114.51,151639291.0
2018-07-12,123.37,258761273.0
2018-07-13,125.64,215181749.0
2018-07-16,127.74,149592210.0
2018-07-17,132.0,209750112.0
2018-07-18,126.95,253703706.0
2018-07-19,128.97,212804783.0
2018-07-20,130.97,167275918.0
2018-07-23,129.82,81351333.0
2018-07-24,133.76,146503238.0
2018-07-25,133.0,142825393.0
2018-07-26,131.55,137638283.0
2018-07-27,129.8,149892579.0
2018-07-30,130.0,106650634.0
2018-07-31,132.26,95826682.0
2018-08-01,134.26,128537815.0
2018-08-02,136.85,137929245.0
2018-08-03,136.96,185454449.0
2018-08-06,138.0,183350111.0
2018-08-07,145.9,529840112.0
2018-08-08,140.03,262137760.0
2018-08-09,146.99,232494935.0
2018-08-10,139.03,275616792.0
2018-08-13,141.0,148266308.0
2018-08-14,141.84,101106916.0
2018-08-15,138.67,172246828.0
2018-08-16,136.3,197153598.0
2018-08-17,133.65,188376015.0
2018-08-20,138.37,129622465.0
2018-08-21,132.44,329943004.0
2018-08-22,134.24,146923464.0
2018-08-23,132.77,218078372.0
2018-08-24,132.0,135862953.0
2018-08-27,131.42,150676210.0
2018-08-28,129.34,258970765.0
2018-08-29,132.11,192334607.0
2018-08-30,127.6,160661073.0
2018-08-31,130.25,168872232.0
2018-09-03,126.46,106878108.0
2018-09-04,118.0,255455987.0
2018-09-05,121.83,202407876.0
2018-09-06,125.2,142924352.0
2018-09-10,121.86,237717485.0
2018-09-11,119.1,119653001.0
2018-09-12,119.4,139712329.0
2018-09-13,115.43,185738039.0
2018-09-14,116.0,148958561.0
2018-09-17,118.89,105811059.0
2018-09-18,124.43,190844930.0
2018-09-19,119.01,198204082.0
2018-09-20,118.49,141921465.0
2018-09-21,124.0,231847616.0
2018-09-24,121.39,137369861.0
2018-09-25,123.14,121403750.0
2018-09-26,122.15,153944765.0
2018-09-27,124.17,141231605.0
2018-09-28,122.49,133616822.0
2018-10-01,122.63,82180030.0
2018-10-02,130.4,223351228.0
2018-10-03,139.34,418199356.0
2018-10-04,139.5,264353009.0
2018-10-05,142.0,298458370.0
2018-10-08,148.54,255560664.0
2018-10-09,150.2,226469411.0
2018-10-10,143.65,242594394.0
2018-10-11,150.7,310608942.0
2018-10-15,150.0,202200387.0
2018-10-16,159.2,334531973.0
2018-10-17,161.75,294541717.0
2018-10-18,160.88,210632270.0
2018-10-19,169.0,321592849.0
2018-10-22,167.1,245356716.0
2018-10-23,169.06,236488014.0
2018-10-24,168.0,189956154.0
2018-10-25,168.22,255258215.0
2018-10-26,166.8,255752020.0
2018-10-29,166.45,232736768.0
2018-10-30,169.27,283387204.0
2018-10-31,168.8,196162526.0
2018-11-01,169.93,186897897.0
2018-11-05,172.96,232538066.0
2018-11-06,158.5,544565305.0
2018-11-07,150.9,732319232.0
2018-11-08,147.57,274176117.0
2018-11-09,146.4,311260365.0
2018-11-12,153.54,254107502.0
2018-11-13,153.41,264082280.0
2018-11-14,155.5,223375489.0
2018-11-16,156.5,211322538.0
2018-11-19,156.15,104597350.0
2018-11-21,155.24,144377474.0
2018-11-22,160.0,177441372.0
2018-11-23,162.35,193723073.0
2018-11-26,158.17,222129421.0
2018-11-27,168.77,237187766.0
2018-11-28,170.05,332648158.0
2018-11-29,171.24,292284882.0
2018-11-30,164.63,292466581.0
2018-12-03,162.13,186368331.0
2018-12-04,164.8,275322324.0
2018-12-05,164.91,79056204.0
2018-12-06,165.33,118136724.0
2018-12-07,164.35,133222788.0
2018-12-10,160.53,112294054.0
2018-12-11,164.39,104888256.0
2018-12-12,168.0,145803160.0
2018-12-13,167.5,100388724.0
2018-12-14,170.6,187924486.0
2018-12-17,170.07,148408495.0
2018-12-18,175.9,171883352.0
2018-12-19,177.01,180136598.0
2018-12-20,177.94,180378338.0
2018-12-21,182.76,219289830.0
2018-12-26,176.76,142693288.0
2018-12-27,174.0,113077844.0
2018-12-28,181.07,148983711.0
